model_name,accuracy,macro_f1,weighted_f1,negative_recall,positive_recall
tfidf_multinomial_nb,0.8742278782466324,0.7632381706377998,0.8675564316914495,0.531732776617954,0.9485147618185111
tfidf_logistic_regression_default,0.8807769591426657,0.7607167667595092,0.8697901522960879,0.4837160751565762,0.9668991124796232
tfidf_logistic_regression_balanced,0.8174443700230706,0.7439188820203502,0.8322209507369506,0.7899791231732777,0.8234015576888245
tfidf_linear_svc_balanced,0.808997544094664,0.7322048192739508,0.8244884259065276,0.767223382045929,0.8180583227676146
